{
    "precision_mean": 0.8865355233002292,
    "recall_mean": 0.8374269005847953,
    "f1_mean": 0.8558747135217724,
    "roc_auc_mean": 0.9363629270230394,
    "precision_std": 0.048250372778093346,
    "recall_std": 0.1246259064792747,
    "f1_std": 0.07260223183929179,
    "roc_auc_std": 0.032818524695426655
}