{
    "precision_mean": 0.8368041315409738,
    "recall_mean": 0.7587692307692308,
    "f1_mean": 0.7909112806101968,
    "roc_auc_mean": 0.89926685660019,
    "precision_std": 0.06290139831350562,
    "recall_std": 0.08064473922393849,
    "f1_std": 0.036040619010926804,
    "roc_auc_std": 0.03274243696469307
}