{
    "precision_mean": 0.8682323232323231,
    "recall_mean": 0.8777777777777777,
    "f1_mean": 0.8696663226694186,
    "roc_auc_mean": 0.9561967994552264,
    "precision_std": 0.0777492650741435,
    "recall_std": 0.041573970964154876,
    "f1_std": 0.035137828872630894,
    "roc_auc_std": 0.022753381743790456
}