{
    "precision_mean": 1.0,
    "recall_mean": 0.6771428571428572,
    "f1_mean": 0.804180602006689,
    "roc_auc_mean": 0.9839784946236559,
    "precision_std": 0.0,
    "recall_std": 0.09151781358883979,
    "f1_std": 0.060774853729395895,
    "roc_auc_std": 0.009445581154299741
}