feature,importance
1~5일 수익률 표준편차,0.366932458202018
6~10일 수익률 표준편차,0.2535450411201814
11~15일 수익률 표준편차,0.19733540619812728
16~20일 수익률 표준편차,0.18218709447967332
경기국면,0.0
