{
    "precision_mean": 0.8722222222222221,
    "recall_mean": 0.7928571428571429,
    "f1_mean": 0.82360698125404,
    "roc_auc_mean": 0.983575492786019,
    "precision_std": 0.1077262190536962,
    "recall_std": 0.09489521611133157,
    "f1_std": 0.06859644202200593,
    "roc_auc_std": 0.010901782164861401
}