{
    "precision_mean": 0.9547612971823497,
    "recall_mean": 0.9229033189033189,
    "f1_mean": 0.9301675783897092,
    "roc_auc_mean": 0.9977745907199459,
    "precision_std": 0.02237123064552299,
    "recall_std": 0.07689572770314501,
    "f1_std": 0.05795675271473442,
    "roc_auc_std": 0.0022384312312296716
}