{
    "precision_mean": 0.9490730987069016,
    "recall_mean": 0.9830985915492958,
    "f1_mean": 0.965545579776454,
    "roc_auc_mean": 0.9893684688777828,
    "precision_std": 0.023021678246564647,
    "recall_std": 0.010539879962743482,
    "f1_std": 0.01012879673578209,
    "roc_auc_std": 0.004638709320527105
}