{
    "precision_mean": 0.9177777777777777,
    "recall_mean": 0.85,
    "f1_mean": 0.8648825684119803,
    "roc_auc_mean": 0.9943659825238772,
    "precision_std": 0.11708390997617327,
    "recall_std": 0.1457737973711325,
    "f1_std": 0.06546070593787456,
    "roc_auc_std": 0.007124927235599045
}