{
    "precision_mean": 0.9613354493764941,
    "recall_mean": 0.9786013986013986,
    "f1_mean": 0.9697554812146019,
    "roc_auc_mean": 0.9893069532093921,
    "precision_std": 0.010783068348046595,
    "recall_std": 0.015653787102022813,
    "f1_std": 0.006931873121966117,
    "roc_auc_std": 0.008146358883044933
}