feature,importance
경기국면,0.9235238436065948
16~20일 수익률 표준편차,0.026600753213078736
11~15일 수익률 표준편차,0.017795697495162997
1~5일 수익률 표준편차,0.0171008024618801
6~10일 수익률 표준편차,0.014978903223283494
