{
    "precision_mean": 0.9549248970115907,
    "recall_mean": 0.8805299539170507,
    "f1_mean": 0.9042897994904209,
    "roc_auc_mean": 0.9953147691786135,
    "precision_std": 0.03559877222740544,
    "recall_std": 0.05639050163073093,
    "f1_std": 0.05141003396997915,
    "roc_auc_std": 0.0050444985268242775
}