feature,importance
11~15일 수익률 표준편차,0.4013266166238129
6~10일 수익률 표준편차,0.20788948586878725
16~20일 수익률 표준편차,0.14704925042598246
nasdaq(-20),0.10961512134815775
VIXCLS,0.049283553570880344
미국10년물국채금리수익률(-20),0.04128188116486618
kospi200(-20),0.02255742926697707
putcall(-20),0.014937868157360364
시장금리국고채3년,0.00605879357317561
경기국면,0.0
