feature,importance
11~15일 수익률 표준편차,0.2045594588792381
16~20일 수익률 표준편차,0.20250116030600354
6~10일 수익률 표준편차,0.19746955112563827
nasdaq(-20),0.1219896182636595
VIXCLS,0.11628744885540282
kospi200(-20),0.09780778602145829
시장금리국고채3년,0.021610289228134186
경기국면,0.014480207045079263
putcall(-20),0.013628140206695255
미국10년물국채금리수익률(-20),0.009666340068690757
