feature,importance
1~5일 수익률 표준편차,0.4223196984702179
11~15일 수익률 표준편차,0.262325230115079
6~10일 수익률 표준편차,0.18847495696587105
16~20일 수익률 표준편차,0.12688011444883207
경기국면,0.0
