feature,importance
VIXCLS,0.3469345637689348
kospi200(-20),0.15084057506415113
11~15일 수익률 표준편차,0.14465204843740873
6~10일 수익률 표준편차,0.1420359179641662
nasdaq(-20),0.13211465436475864
putcall(-20),0.023426815109990617
16~20일 수익률 표준편차,0.02145023217436721
미국10년물국채금리수익률(-20),0.01729496557368548
시장금리국고채3년,0.013201053551334347
1~5일 수익률 표준편차,0.008049173991202831
경기국면,0.0
