{
    "precision_mean": 0.9544140284029238,
    "recall_mean": 0.9545069570477919,
    "f1_mean": 0.9543144104306887,
    "roc_auc_mean": 0.990283245058459,
    "precision_std": 0.009146428481476763,
    "recall_std": 0.028551067743692607,
    "f1_std": 0.017676225152067102,
    "roc_auc_std": 0.005950095790201043
}