{
    "precision_mean": 0.9036630036630037,
    "recall_mean": 0.775,
    "f1_mean": 0.8326600985221674,
    "roc_auc_mean": 0.9697542283298098,
    "precision_std": 0.08253430887565771,
    "recall_std": 0.06373774391990981,
    "f1_std": 0.06380265274802642,
    "roc_auc_std": 0.019380984094268097
}