{
    "precision_mean": 0.8973931623931625,
    "recall_mean": 0.8176470588235294,
    "f1_mean": 0.8535552249011648,
    "roc_auc_mean": 0.9777587779297765,
    "precision_std": 0.06518745762380913,
    "recall_std": 0.06997280737276658,
    "f1_std": 0.05129080487708732,
    "roc_auc_std": 0.011673439815415385
}