{
    "precision_mean": 0.9374239981461272,
    "recall_mean": 0.9637695637695638,
    "f1_mean": 0.9503061601926183,
    "roc_auc_mean": 0.9521801531801533,
    "precision_std": 0.016621308178443813,
    "recall_std": 0.015237303468481615,
    "f1_std": 0.012439620280168656,
    "roc_auc_std": 0.024157069977690165
}