{
    "precision_mean": 0.9517666021921342,
    "recall_mean": 1.0,
    "f1_mean": 0.9751758969000349,
    "roc_auc_mean": 0.9969332992588807,
    "precision_std": 0.02026449088828877,
    "recall_std": 0.0,
    "f1_std": 0.010731568332426777,
    "roc_auc_std": 0.0027190260318467408
}