{
    "precision_mean": 0.9604534708790029,
    "recall_mean": 1.0,
    "f1_mean": 0.9796691048415186,
    "roc_auc_mean": 0.9962944032711475,
    "precision_std": 0.024283130008162276,
    "recall_std": 0.0,
    "f1_std": 0.012817680174146846,
    "roc_auc_std": 0.0006465172829375941
}