{
    "precision_mean": 0.9598989898989899,
    "recall_mean": 1.0,
    "f1_mean": 0.9795193312434692,
    "roc_auc_mean": 0.9949143879376438,
    "precision_std": 0.008686868686868677,
    "recall_std": 0.0,
    "f1_std": 0.004493207941483801,
    "roc_auc_std": 0.0030350182140155392
}