{
    "precision_mean": 0.9538005698005698,
    "recall_mean": 0.992,
    "f1_mean": 0.9723829223997292,
    "roc_auc_mean": 0.9944799999999999,
    "precision_std": 0.013954293803902094,
    "recall_std": 0.016000000000000014,
    "f1_std": 0.009499507542870444,
    "roc_auc_std": 0.0019185179465178604
}