{
    "precision_mean": 1.0,
    "recall_mean": 0.6428571428571429,
    "f1_mean": 0.7744704570791527,
    "roc_auc_mean": 0.9907233019434983,
    "precision_std": 0.0,
    "recall_std": 0.13552618543578768,
    "f1_std": 0.09885167203333624,
    "roc_auc_std": 0.006151928007401185
}