{
    "precision_mean": 0.975,
    "recall_mean": 0.8544117647058822,
    "f1_mean": 0.908867476609412,
    "roc_auc_mean": 0.9940669835007174,
    "precision_std": 0.049999999999999996,
    "recall_std": 0.07296103856709366,
    "f1_std": 0.0515475126381077,
    "roc_auc_std": 0.006816156831725023
}