{
    "precision_mean": 0.9355185185185185,
    "recall_mean": 0.960923076923077,
    "f1_mean": 0.9461947016568866,
    "roc_auc_mean": 0.9887158974358975,
    "precision_std": 0.05623442018654962,
    "recall_std": 0.03510390325403484,
    "f1_std": 0.0239241107567699,
    "roc_auc_std": 0.010258223352563756
}