{
    "precision_mean": 0.9863636363636363,
    "recall_mean": 0.9853658536585366,
    "f1_mean": 0.9855337690631808,
    "roc_auc_mean": 0.997018970189702,
    "precision_std": 0.027272727272727292,
    "recall_std": 0.01194873045260088,
    "f1_std": 0.011459170334061058,
    "roc_auc_std": 0.0017976286126587563
}