{
    "precision_mean": 0.9511989459815547,
    "recall_mean": 1.0,
    "f1_mean": 0.9749709005392309,
    "roc_auc_mean": 0.9959579180509414,
    "precision_std": 0.008217486116734197,
    "recall_std": 0.0,
    "f1_std": 0.004344208435004372,
    "roc_auc_std": 0.004379561447017747
}