,count_0,mean_0,std_0,min_0,25%_0,50%_0,75%_0,max_0,count_1,mean_1,std_1,min_1,25%_1,50%_1,75%_1,max_1
1~5일 수익률 표준편차,304.0,0.2558343458157895,0.21930561147239658,0.002236068,0.087222202,0.16690961399999998,0.36392787225,0.760569736,229.0,0.2122538637729258,0.20289691746765354,0.014109855,0.068253227,0.141403296,0.292272387,0.780604917
6~10일 수익률 표준편차,304.0,0.05386558559210527,0.03569258476344621,0.001369306,0.028705871,0.044230101,0.06599866625,0.18444237,229.0,0.046238951558951955,0.029762992342814935,0.006075936,0.025852988,0.037667599,0.058986549,0.163243692
11~15일 수익률 표준편차,304.0,0.04339822648355263,0.028263749861650703,0.004744154,0.0263100115,0.0361874815,0.0491418625,0.16172975,229.0,0.040340859100436666,0.03100066861677745,0.005138871,0.021042148,0.033184379,0.044665165,0.179438229
16~20일 수익률 표준편차,304.0,0.047752048812499996,0.03733602764929178,0.002483345,0.0267312175,0.03801736,0.054465935,0.375108068,229.0,0.03750804151091702,0.027191228254101148,0.005477226,0.020764465,0.030332293,0.047109903,0.173648884
경기국면,304.0,0.0,0.0,0.0,0.0,0.0,0.0,0.0,229.0,1.0,0.0,1.0,1.0,1.0,1.0,1.0
cluster_k2,304.0,0.0,0.0,0.0,0.0,0.0,0.0,0.0,229.0,1.0,0.0,1.0,1.0,1.0,1.0,1.0
